id,title
1,由盛转衰的YY难“救”，国外业务能撑起欢聚时代吗？
2,中兴通讯：前三季度研发投入近108亿元 同比增长15.3%
3,重磅！中央明确：把科技自立自强作为战略支撑
4,苹果收复失地，从抵制拼多多淘宝们开始
5,2020中国互联网百强名单：阿里、腾讯、美团分列前三(附全榜单)
6,外界心中的谋局者、思辨者——马云
7,2.5亿人的空虚，又一片韭菜地？
8,YY之于百度，合适的才是完美的
9,美国社交巨头CEO出席听证会：民主和共和两党发出混杂信号
10,深度复盘中国半导体产业，错失黄金三十年
11,IPO前夕全球化战略转向？蚂蚁集团回复：不予置评
12,字节跳动发布独立教育品牌 提速追赶但未设具体KPI要求
13,美国将允许厂商向华为销售芯片，孟晚舟也有最新消息!华为迎转机?
14,加拿大边境服务局职员承认违法将孟晚舟手机密码交给警察
15,蚂蚁路演遭遇犀利追问 央行数字人民币会否对支付宝构成致命打击?
16,九号公司科创板上市：涨幅超100% 曾上演惊天蛇吞象
17,主机厂从制造商向出行服务商转型亟待破解盈利难题
18,京东健康辛利军：医疗健康行业正在加速数字化转型升级
19,蚂蚁集团上市前夕缩减海外投资，旨在稳固在中国的竞争优势
20,“硅谷教父”：技术推动世界繁荣
21,百位科学家云集，第三届世界顶尖科学家论坛10月30日开幕
22,领衔拍到人类首张黑洞照片的科学家将在第三届论坛诠释宇宙吸引力
23,索尼提高业绩展望 分析师表示“极其看好”发展前景
24,"探访世界顶尖科学家协会上海中心,领略“最强大脑”的风采"
25,杨元庆：科技应为今天的用户担当两大使命
26,蚂蚁上市，为何腾讯大涨 ？
27,齐聚61位诺贝尔奖得主!第三届世界顶尖科学家论坛即将在沪开幕
28,上海将迎“云端科学盛会” 两名新晋诺奖得主领衔顶尖科学家论坛
29,“科学天团”云聚上海，顶级智慧赋能创新策源
30,顶尖科学家大会“宇宙觅音” 探寻量子奥秘和“外星人”
31,抖音、快手抢跑港交所，短视频战火升级
32,与罗永浩“分手”后，锤子科技旧部今何在？
33,杭州拟立法禁止小区强制刷脸：刷脸不是业主义务
34,华为王成录：手机HarmonyOS开发者Beta版将如约而至
35,蚂蚁上市鹅厂先嗨了 腾讯市值两天暴涨3800亿港元！
36,蚂蚁上市腾讯暴涨：5.8万亿的腾讯被低估？真相是什么？
37,威马电动车因起火风险召回，电芯供应商为中兴通讯子公司
38,Spotify多事之秋，王牌节目再惹麻烦
39,T3出行将上线出租车服务，已在江苏、广东等地内测
40,港股史上最大冻资王：蚂蚁IPO香港全城疯抢 中银香港录得逾1000亿
41,"艾德证券期货：蚂蚁集团融资345亿美元,与PayPal相比还有上升空间"
42,封禁中国App 印度是封杀还是自杀？
43,投资圈中的“错过”之美：被大佬拒绝之后 他们成为了首富
44,北京市场监管局：直播平台要对带货经营者实人实名验证
45,熬夜使人肥胖，而肥胖反过来会促进失眠，陷入循环，无法自拔
46,三星三季度营业利润涨超50%，但疫情或致下季度盈利能力下降
47,5.25万亿颗塑料微粒漂浮在海洋上，也许就在你喝的水中
48,天问一号还要迈过几道关？火星探测难在哪？
49,在开挖金矿前，他们先要给25只濒危龙猫搬家
50,美股暴跌又曾放过谁 科技股泡沫预言家先知先觉
51,智慧移动能力“九号公司”成功上市 红杉中国为最大外部股东
52,晚期肝癌突破！T+A免疫联合治疗方案，在中国正式获批
53,含糖饮料换成代糖就更健康吗？心血管表示并没有！
54,熬夜的原因有很多，可能是因为拥有这个“夜猫子”基因突变……
55,中兴高能陷停产解散传闻，因电芯质量问题致威马汽车多次起火
56,想不起来自己的钱是怎么没的？是移动支付让你失忆了
57,TCL科技前三季度净利20亿元，投资并购超200亿元
58,九号公司科创板敲钟：开盘后涨超100% 市值270亿
59,这样喝奶，每天或吞下数百万颗微塑料，科学家尚不清楚后果是什么
60,这种小虫凭借“头铁”登上《自然》，汽车都压不死它
61,九号公司成功登陆科创板：开盘大涨超105% 成科创板CDR第一股
62,“剑桥分析丑闻”余波未平：Facebook或在英国面临起诉
63,奇迹降临？一片安眠药，唤醒了“沉睡”8年的病人
64,吸血鬼恐慌的诞生，从三百年前一具尸体被解剖开始......
65,改造中国工厂：制造业数字化转型需求催生一批创业公司
66,你怎么知道要尿了？其实有这个想法不简单...
67,华西口腔取消现场挂号：预约就诊时代，老年人该怎么看病？
68,奢侈品直播，是怎么套路你的？
69,OLED自发光电视护眼公益项目启动 改善青少年用眼健康
70,血荒江湖：写下《不用血保证》的医生，与卖血染上艾滋病的人们
71,冬天为啥容易感冒？事实没你想得那么简单
72,“极大”与“极小”｜诺奖得主：根本科学问题也是哲学问题
73,想让Wi-Fi快点？这些歪招儿都不行
74,数据战争：数据就是信息时代的石油
75,传百度年底在港二次上市 BAT有望再聚港交所
76,共享单车订单大增展现经济恢复新气象
77,金融时报 ：美国将允许厂商向华为非5G业务销售芯片
78,对科技巨头不满因党派而异 周三参议院听证会有哪些实质内容
79,花65亿元去小行星挖土值吗？专家：当然！而且意义重大
80,你的“脸”正在被交易
81,iPhone 12难逃“真香”定律 报道称将加单200万部
82,AMD收购赛灵思 半导体行业终极大乱斗来了？
83,深圳的数字货币“红包”试验，谁最受益？
84,“雪花飘飘、北风萧萧”是如何洗脑海外网友的？
85,双11买家心声：今年不仅考体力脑力 还要考我记忆力？|观潮
86,蚂蚁的野心和风险
87,彩电行业掀起高端突围战 用户聚焦社交娱乐与极致显示
88,iPhone12跌破发行价！经销商：办5G套餐能降1300多元
89,AMD难抵两大诱惑，350亿美元吞下赛灵思
90,为老年人提供更多数字服务的便利（金台锐评）
91,在线叫卖“钟汉良”“周迅”“王志文”高仿账号 580元起……
92,“谁把你选上来的？” 美国参议院科技听证会变政治争斗
93,蚂蚁集团上市，腾讯股价大涨？
94,AMD发布RX 6000系列显卡：对标英伟达RTX 3000
95,人体有多少器官？每颗牙齿都算一个器官吗？
96,八种不可思议的气味：太空带有辛辣的臭氧气味
97,为何食物过敏变得越来越普遍？
98,道指狂泻近千点！苹果大跌近5%，美股恐慌指数飙升
99,三大科技CEO听证会问答：杰克多西更愿意建立透明制度
100,冬季用空调为何容易跳闸？电路问题别自己动手得找售后
101,区块链技术国家标准正加速制定 国际标准制定也已启动
102,成交额同比增长300% 零冷水热水器高光时刻来临？
103,iPhone 12不到一周就“破发”？经销商：办5G套餐能降1300多元
104,视频网站都要做短剧，但是不注水怎么赚钱？
105,山寨明星短视频号的生意经：半个月吸粉10万 可卖7000元
106,研发费用偏低质量问题频现 小熊电器 “重营销”模式走得远吗
107,eBay第三季度营收亿26美元 净利同比增196%
108,人民日报：为老年人提供更多数字服务的便利
109,不赚钱只为交朋友 这才是手机厂商做电视的目标
110,想让WiFi快点？这些歪招儿都不行
111,山寨明星短视频号生意经：半月吸粉10万 可卖7000元
112,蚂蚁估值超90倍 10倍的大零售银行能否获得溢价
113,英雄联盟S10倒计时 国内电竞产业营收超千亿
114,探秘S10直播制作幕后 这座直转播中心竟然亚洲规模最大
115,电芯混入杂质引发“起火” 威马将召回1200余辆EX5电动车
116,TikTok宣布扩大美国选举指南中的选举日资源
117,亚马逊在瑞典开设本地网站 扩大在欧洲的业务
118,威马召回1282辆电动汽车：极端情况下存在起火风险
119,蔚来、小鹏挑战特斯拉：解锁辅助导航驾驶新技能 未来路线存差异
120,百度无人出租车订单峰值超2600个 自动驾驶商业化越来越近
121,千亿美元市场引发资本热度 “飞行汽车”距离规模化还要20年？
122,违规收集使用个人信息 通达信App上工信部“黑名单”
123,29家顶级战投加持 蚂蚁集团今日申购
124,我最喜欢的任天堂掌机停产了 它曾想改变世界
125,iPhone 12加单刺激苹果产业链公司股价上涨
126,阿里旅游新零售棋局：左手众信右手Dufry 意欲何为？
127,网络直播打赏行为规范将出台:限制高额打赏 对激情打赏设置冷静期
128,一年7家获牌照 高精地图的流量卡位战
129,“预付式消费”风险多 教育机构投诉集中
130,“前浪”新东方回港觅“钱途”
131,一月三车自燃 威马电池存忧
132,复制直播带货 TikTok联手Shopify进军电商
133,AMD豪掷350亿美元 半导体市场“三国杀”
134,17款排队上线 游戏大厂抢夺岁末红利
135,业绩滑坡收益率掉队 余额宝跌落神坛
136,三星跟风苹果取消充电器消费者会买单么？
137,IPO定价68.8元 蚂蚁估值贵不贵市场说了算
138,智慧城市“大脑”，真的会思考
139,美国会听证会讨论科技平台责任 脸书“变节”谷歌Twitter“坚守”
140,宇宙中心的一声巨响：这个月内已有4辆威马汽车自燃了
141,手机浏览器们“春天未到，寒冬已至”
142,新能源汽车系列一：芯片被禁了可能补不上，电芯被禁了我们能补上
143,一文读懂美国联邦通信委员会和通讯法第230条
144,“好事成双”的AMD股价却跌4%，350亿美金收购撑起数据中心野心
145,5.31亿！小米拿地加入深圳后海总部基地，跟腾讯阿里做邻居
146,iPhone 12除了性价比和 5G，它还剩下什么？
147,复制直播带货 TikTok联手Shopify进军电商业务
148,中消协点名，教育机构“预付费式消费”如何排雷
149,一天烧掉一个亿，快递界的“拼多多”还能走多远？
150,今年双十一，你的快递包裹有点“悬”！
151,孟晚舟案最新进展！加拿大皇家骑警承认了
152,佛山国际智能机器人博览会及世界机器人大赛总决赛12月初开启
153,蚂蚁万亿IPO：少数人的盛宴？有没有“抽血效应”？
154,拼多多“指定快递”就是个伪命题
155,35岁互联网“打工人”调查：转行、创业、出国应对“中年危机”
156,摆脱“电话营销依赖”，是一种“升维发展”
157,Facebook再战字节跳动，东南亚短视频之争鹿死谁手？
158,加拿大皇家骑警：用内容错误的宣誓书获得对孟晚舟的临时逮捕令
159,加单传闻拉动苹果概念股上涨 全球智能手机市场能否触底反弹？
160,原来海绵宝宝里藏了这么多故事
161,恒大腾讯联手，72亿买下一家影视公司
162,又一个巨无霸诞生：51岁，她掀起半导体史上最强战役
163,灰产租售“靠谱”直播号 商家千元备战双十一
164,只有使用权没有所有权 公众号还能愉快地买卖吗？
165,欧可林发布多款口腔护理新品 便携式冲牙器售价799元
166,扎克伯格周三出席听证会 对调整内容监管法态度比杰克多西开放
167,汽车之家股价腾空：车市复苏or昙花一现？
168,苹果秘密加紧开发自有搜索工具，已有重大进步
169,推特CEO杰克·多西： 全面内容监管将加重垄断
170,银保监会提醒：直播营销行为存在销售误导风险
171,杨元庆：要将智能技术带给更多的人 真正发挥科技的深远影响力
172,马斯克放的卫星3%被曝已成太空垃圾 最坏能“锁死”地球人
173,2020年度网络大病筹款行业洞察报告发布
174,最强打工人王力：给不出陌陌未来答案？
175,字节游戏推出“蛋卷游戏”App，打造手游版“STEAM”
176,Alphabet CEO皮查伊: 谷歌无政治偏见，对第230条修改应深思熟虑
177,月活不断下滑，资源导向找靓机，转转的身份焦虑如何解决？
178,"微软纳德拉: 数据化和新科技是发展初期, 疫情加速云计算市场渗透"
179,威马EX5在北京起火爆炸 35天内发生四起自燃事故
180,3小时回答近200问，蚂蚁集团网上路演问得火爆答得认真
181,网络直播打赏行为规范即将出台，将限制高额打赏等三类行为
182,李彦宏拟40亿美元收购YY 百度直播还有戏吗？
183,李健“败走”人人车 二手车电商挥别“三足鼎立”时代
184,任正非：华为今天的困难是“设计的芯片国内还造不出来”
185,美国议员煽动TikTok禁令背后：扎克伯格或是金主 游说支出破纪录
186,国家邮政局：快递旺季将持续103天
187,国家邮政局：预计双11期间日均快递业务量达4.9亿件
188,从富士康“厂妹”到立讯掌门人 王来春凭什么让郭台铭忌惮?
189,恶意攀附“滴滴”品牌知名度 “滴滴打球”被判赔70万
190,三星“帝国”传奇要翻篇了？
191,百度收购YY的战略四重奏
192,纳德拉解读微软第一财季财报:Azure已进入平稳增势 Teams表现很棒
193,百度突围直播，能靠YY吗？
194,微博双11爆款榜正式上线，解锁种草新玩法
195,手机号码归属地能否取消？工信部：暂未出台相关政策
196,上外女生起诉百度侵犯隐私：手机关闭定位，广告依然精准推送
197,To B行业容得下中年人
198,原始黑洞是否可能是暗物质？
199,QM中国移动互联网秋季大报告：快、头抢食腾讯系 华为份额渐增
200,地球上的生命:我们可能要感谢月球现已不复存在的磁场
201,特斯拉大肆宣扬自动驾驶革命 竞争对手奔驰也将押注技术进化
202,“智慧药片”存在吗？未来喝下神奇药片或将变成“超人”！
203,任正非：和平要实力相当才可获取，不存在祥林嫂式和平
204,“电池霸主”仍扩张：宁德时代前三季利润下滑 负债增至711亿
205,科学好故事|如何建造一艘拯救地球的航天器？
206,北京新发地市场聚集性疫情病毒来自何方？最新结论来了
207,违背Facebook规定，特朗普投放广告暗示已赢得选举
208,互联网狂追房地产：电商卖房依然还在探索阶段
209,AMD并购赛灵思一案终落地 350亿美元交易如何影响半导体市场？
210,特朗普竞选网站遭黑客攻击，其相关负面信息被掌握
211,专家详解：5G为储能带来了什么
212,水热联供：“零能耗”海水淡化新方向
213,大视角下看马云“狂言”
214,90%的技术问题已解决，距离自动驾驶真正上路还有多远？
215,摆脱瓶瓶罐罐？化学走进自动化时代
216,云养猫、双棍节、多3天……疫情之后的“双11”有何不同？
217,洗脑神曲《一剪梅》的海外“出圈”手册
218,三大运营商移动用户发展现天花板，5G消息稳步推进挑战犹存
219,股价暴跌，英特尔这些年做错了什么？
220,与富士康打擂台？立讯精密前三季度营收595亿，创始人身家910亿
221,腾讯与字节的战争拐点是什么？
222,拐点再现，顺丰触顶？
223,乐视控股所持大圣科技股权被拍卖 广汽集团成唯一竞买人
224,四小龙集体冲刺上市，AI的寒冬结束了？
225,评论：“刷脸时代”更需筑牢信息安全防线
226,入手特斯拉必修课：预期与现实，永存差距 | 观潮
227,这7年，外行人马云到底带来了怎样的“异想天开”？
228,蚂蚁打新有多火？2000亿杠杆资金涌入，机构：像不要钱一样！
229,打造美国“李佳琦”：TikTok牵手Shopify，复制中国带货模式
230,推特脸书CEO周三出席听证会，与议员讨论《通信规范法》第230条
231,业内人士称特斯拉应对外销售其自动驾驶芯片，与英伟达形成竞争
232,经济日报刊文：弥合老年人与数字时代鸿沟，需社会各界共同行动
233,微软高管解读2021财年一财季财报: Azure云业务增长不能孤立看待
234,首家任天堂主题乐园将开幕 可以玩真人版马里奥赛车
235,谷歌母公司旗下Waymo联手戴姆勒共同开发自动驾驶卡车
236,检察日报：保护人脸信息，三方责任一个都不能少
237,澳、深消委会发布砧板比较试验报告：砧板也有保质期
238,iRobot旗舰级扫地、擦地机器人评测：家居清洁好帮手
239,小家电三季报：苏泊尔疫情受挫 九阳稳中有升
240,AMD350亿美元拿下赛灵思 与英特尔英伟达三分天下
241,涨价接力赛：冰箱冷柜涨后洗衣机涨 空调也要涨？
242,做芯片不是捏泥丸，请做好长期“打工”的准备
243,迄今最大流量！三款小米净水器齐发布 一文看懂怎么选
244,“蚂蚁”上市成“大象” 或刷新A股总市值排行
245,iPhone 12从加价到破发仅一周 华强北最低5800元拿货
246,罗永浩做直播的公司要卖了？ 买主竟是家做电缆的上市公司
247,失速的良品铺子 如何用低研发费率维持高端路线？
248,“币圈大佬”徐明星被调查 OKEx炒币还安全么
249,AMD确认350亿美元收购赛灵思:2020年第二大规模半导体收购案落定
250,自动驾驶真正上路 还有10%的技术难题待解
251,微软第一财季营收372亿美元 净利同比增30%
252,蚂蚁集团上市在即 市场影响积极
253,蚂蚁集团背后股权机构“赚翻”
254,疫情下的跨境物流：中外企业齐聚进博会加快全球布局
255,蚂蚁IPO 引领资本市场拥抱新科技
256,良品铺子、三只松鼠 增收不增利
257,圆通速递前三季营收234亿业务量同比增长35%
258,立讯精密前三季净利47亿 预计全年超70亿
259,电商巨头逐鹿“双11” 扩大竞争范围从名牌到草根
260,销量“扑街” 爱驰汽车谋求上市圈钱
261,泄露个人信息、误导下载 工信部通报131款问题App
262,马云抱怨背后：超级央行和金控大计徐来
263,银行系电商“双11”沦为鸡肋
264,回应数字货币等热点 蚂蚁路演答疑投资者
265,预付费引入“反悔权” 为消费者权益扩容
266,百度收购YY国内业务 直播赛道的最后一块拼图？
267,“人脸”贱卖 数据交易应强调合法性和公开透明
268,“独角兽”蚂蚁与深圳竟创了那么多第一
269,工业互联网攻击事件频发 安全建设亟须从“零散”走向“全局”
270,蚂蚁打新火热：数百亿港元杠杆资金“供不应求” 券商系统被挤崩
271,火热的“蚂蚁”：杠杆打新资金“供不应求”
272,蚂蚁集团IPO网上路演划重点：估值高不高？如何保持竞争性？
273,同样是集成灶 为啥有的很实用有的却很鸡肋？
274,轻松集团CEO辞职 董事长杨胤兼任
275,罗永浩直播带货运营公司将出让 做电缆的尚纬股份欲拿下
276,抖音快手的新竞争：谁将成为短视频第一股
277,新版技术路线图发布：2035年新能源汽车销量占比过半
278,全卖了？！即将完美退场的欢聚时代和百度的直播野心
279,吞掉家长10亿学费，他凭什么敢在直播间求原谅？
280,蚂蚁定价后与散户首次“会面”：3小时问答两百题，重点来了
281,日媒：数字人民币正在加速挺进 或打破美元垄断地位
282,三星才是基建狂魔：李在镕能带领三星更上一层楼吗？
283,从未缺少误解，马云还是那个马云(视频)
284,“人脸”贱卖 数据交易应强调合法性和公开透明
285,蚂蚁上市将成全球史上最大IPO，每天在用的支付宝你真的了解吗？
286,快递业“搅局者”，极兔速递遭“通达系”集体封杀
287,国家超算深圳中心计划2年内提升计算能力至少1000倍
288,蚂蚁集团打新遭疯抢！马云离全球10大富豪仅一步之遥
289,调查：土耳其等国超1/5受访者支持“5G传播新冠”假新闻
290,蚂蚁上市，除了马云，还有哪些有钱人会更有钱？
291,段永平黄峥唐岩卸任在40岁，陌陌新CEO王力要讲新故事
292,网红辛巴，在线豪横
293,新一代光伏电池将量产，会改变产业格局吗？
294,AMD宣布以350亿美元的全股票交易收购赛灵思
295,极兔搅动快递双十一：极兔是谁？为何又会被通达系封杀？
296,蚂蚁集团H股国际申购太火爆！3小时认购超千亿美元，提前两天结束
297,Google遭遇21世纪最大反垄断案，互联网将走向何处？
298,狂奔的灰犀牛：K12战火埋下了最危险的雷
299,划重点！蚂蚁集团网上路演，对数字货币、竞争对手等做出回应
300,2元就能买上千张人脸照片，App如何“偷”走你的脸？
301,2020胡润中国10强金融科技企业榜:蚂蚁首位 陆金所排第二(全榜单)
302,蚂蚁打新，中签率预估100%
303,互联网旅游服务行业自律公约发布 联合惩戒违规经营者
304,井贤栋：金融服务业数字化不仅是把产品搬到线上
305,特斯拉降价 蔚来的未来在哪里？
306,评论：发涉黄信息构陷同行 市场竞争应恪守法律底线
307,降价“割韭菜”、业绩创纪录，特斯拉到底赢在哪？
308,2元买照片、面具能解锁手机 “刷脸”背后不是美好童话
309,来自东南亚的极兔被“封杀” 老家阵地也难保？
310,国际青年女科学家论坛暨第十二届中国女科学家论坛成功举办
311,没想到，罗永浩的直播公司被收购了
312,三星掌门人去世，这个顶级财阀如何影响了韩国？
313,魅族没有“后悔药”
314,李健熙去世，三星传奇如何再写续篇？
315,蚂蚁港股申购火爆 将提前2天结束国际配售
316,蚂蚁全球发行由A股主导定价 引全球投资者热捧
317,三款小米净水器齐发布 三种流量三款齐发
318,南大西洋，地磁有个“坑”，需不需要担心？
319,iPhone 12破发 百亿补贴背锅？
320,蚂蚁刺激大象：腾讯大涨创新高 机构要对标重新估值？
321,亚马逊贝索斯：哪有不遗憾的人生，只有更恰当的选择
322,彻底分手！蚂蚁退出趣店旗下趣校园平台 趣店股价大跌8.5%
323,为什么今年冬天新冠肺炎疫情可能会恶化？
324,超过特斯拉 上海新添一座投资170亿元超级工厂
325,日本新研究：多喝绿茶和咖啡，可显著降低糖尿病患者死亡风险
326,被围剿的“苹果税”，还能撑多久？
327,新研究揭示：运动不仅能预防疾病，还能抗癌！
328,马云VS王健林：2020房地产仍占大半江山 互联网输了吗？
329,多家信托公司发声明：部分以“信托公司”命名的App是盗版
330,王力挂帅 陌陌迎新
331,腾讯安全玄武实验室报告的5G消息漏洞，该5G背锅吗？
332,特斯拉在中国的需求问题
333,“抖音”战“快手”，一路打到IPO
334,30万美元卖掉价值700万美元的豪宅！马斯克疯了？
335,App Annie：中国手游在日韩持续突破
336,Facebook避开苹果系统推出云游戏 保障稳定游戏体验成难题
337,三星继承人李在镕的分权改革能否成功？
338,拉卡拉被疑涉信用卡套现灰产 被华夏银行等拉黑
339,长租公寓4年爆雷107家，租房骗局何时休？
340,光明网评论：马云所言或未危言耸听却张冠李戴
341,2020微博超级红人节百大视频号揭晓
342,孟晚舟案再开庭 “惊天丑闻”将揭开
343,"耳机可检测表情?戴口罩也行,华人科学家新发明让人脸变成""表情包"""
344,千面病毒：我们为什么无法打败流感？
345,蚂蚁还是被高估了
346,中国芯片产业“烂尾潮”背后
347,恒大与腾讯旗下恒腾网络将全资收购儒意影业
348,港媒：中国在电动车电池领域遥遥领先
349,中国空间站将美国拒之门外？
350,是什么让中国在射电天文领域领先世界20年？
351,特斯拉悬架隐患“甩锅”车主 “当韭菜还被嫌弃不会开车”
352,进入社会后开始“自闭”？这其实是走向成熟的表现
353,百度做直播，能靠YY吗？
354,PropTech掀新战局：inDeco杀入招商，2年前熄灭的战火又重燃起
355,太阳系中最可能存在外星生命的四个世界
356,跟谁学暴跌500亿 只是在线教育混乱的一个侧写
357,爱库存举报唯品后再发声！监管出手，电商告别“二选一”？
358,回望国际空间站二十年：耗费如此巨资是否值得？
359,身体缺水会怎样：神智不清、血管硬化、易突发心脏病死亡！
360,上海外牌“限行”升级：沪上新能源汽车销量一日暴增数倍
361,蚂蚁集团公布发行细节：最全面的战略投资者以及最严格的限售期
362,酿酒，岩石也有份儿？
363,胡玮炜卸任第17家摩拜系公司：美团单车崛起，摩拜渐成往事
364,萌宠短视频催生新经济
365,中年陌陌重回青春期，需要霸总“王老板”
366,SpaceX每月生产60颗卫星，中国企业要不要太空圈地？
367,电商戒不掉“二选一”之瘾？
368,百度YY，弱弱联合
369,台积电与三星的新战场：抢夺英特尔芯片订单
370,蚂蚁IPO重磅数据“发”了：68.8、688688、787688
371,与亚马逊争执 印度未来零售公司或被清算
372,不吹不黑，硬核拆解蚂蚁的“估值艺术”
373,“肢解”蚂蚁集团：历经八轮融资 境外子公司多数亏损
374,反垄断风波里的高手：微软已悄然成为拜登阵营重要金主
375,分拆抖音上市，是字节跳动的最佳选择
376,百度收购YY国内业务，一场各取所需的商业“联姻”
377,美国上诉法院再次阻止政府封杀微信：双方决战最高法院
378,“双11”前夕：快递网点承压 企业疯狂圈地
379,任天堂是怎样用“旧科技”创新的？
380,石头扫地机器人T7Pro测评：AI助力 无惧障碍
381,SpaceX每月生产60颗卫星，中国企业要不要太空圈地？
382,2元就能买上千张人脸照片！“刷脸”真的安全吗？
383,打新蚂蚁有多难？申购317万元或中一签
384,美容仪竟成“毁容仪”？双十一还敢买吗？
385,面板不是芯片 但安全可控依然需要自强
386,马云，一直是一位很敢说的企业家
387,特斯拉曾向CEO马斯克支付300万美元：用以购买董事和高管责任保险
388,今日油条被今日头条起诉侵权，媒体：“傍大牌”成不了真大牌
389,优胜教育大量门店关停 预付费风险大维权难
390,“双11”提前鸣锣开战 物流企业称“我们有备而来”
391,从“双11”看快递业与社交电商的未来
392,搭建挂机平台刷量平台……揭秘“网赚”背后的刷量套路
393,直播电商狂欢 零售业变革提速
394,蚂蚁集团上市 A股羊群效应可期
395,蘑菇街副总裁范懿铭：直播电商还没走到下半场
396,双十一大战：供应链比拼 直播营销争锋
397,电商产业带争夺战：扩容扶持商家 创新合作模式
398,人人车1万港元遭贱卖？ 二手车电商烧钱不止盈利难
399,孙正义回归保守 软银逆风翻盘
400,“双11”提前开场，谁能拔得头筹？
401,438万人在线看网红小香猪 看萌宠短视频如何催生新经济
402,线下文娱演出复苏进行时：“演员+老师+直播”多元化开拓
403,百度YY在一起？ 一个不停买一个连续卖
404,“双11”前夕：快递网点承压企业疯狂圈地
405,集成灶真的能取代传统烟机灶具吗?
406,上海的“新特产” 7000辆特斯拉驶向欧洲
407,“双十一”习惯了上网买买买？这份文件要让线上线下消费有机融合
408,蚂蚁集团发行价定了 每股68.8元贵不贵
409,掘金电竞 腾讯、快手押注英雄体育VSPN
410,扶贫新模式：短视频、直播＋扶贫
411,电商平台迎战双11 直播电商更受热捧
412,信用卡融合科技样本调查：美团与区域性银行深度合作收效几何
413,百度收购YY传闻背后：业务拓展能否“1+1大于2”？
414,揭秘美的600亿海外业务操盘实录
415,补贴退坡 新能源商用车市场能否猛增
416,富士康、立讯精密 拼抢苹果手机代工业务
417,假的数字人民币钱包已出现，真的是啥样？
418,工信部：正在编制新阶段工业互联网创新发展行动计划
419,机器人概念走强 国产机器人或迎快速扩张
420,上班族的包包你猜不透！里面有些什么便携小家电呢？
421,数字人民币立法让制度风控与技术创新并行
422,YY“卖身”，百度拾起双刃剑
423,一边快递罢工，一边封杀极兔：双11前快递行业为何动荡？
424,小米林斌：投资自己才是最好的投资
425,网信办：UC、QQ、360、搜狗等8款手机浏览器被纳入首批整治范围
426,从社畜到打工人，青年亚文化不丧了？
427,爆雷不断，整个行业已是一地烂泥，谁玩坏了长租公寓?
428,比尔·盖茨：应战新冠和未来疫情的三个关键研发领域
429,涉案金额达2.6亿！这个特大涉黄直播案，破了！
430,极兔“被封杀”的真相：蹭网失败、烧钱见底、难熬双11
431,大搜车姚军红：公司发展并不一帆风顺，创业者一直在凝视深渊
432,名创优品跃龙门 然后呢？
433,德勤发布2020技术趋势报告：五个新趋势可引发颠覆性变革
434,苹果公司的组织架构是怎样的
435,李健熙继承人面临100亿美元遗产税 或效仿LG用现金支付
436,百度为何收购YY直播？一个缺快钱，一个缺大钱
437,极兔动了谁的蛋糕？遭快递巨头封杀背后或因拼多多剑指阿里
438,2020首届北京脑科学国际学术大会落下帷幕
439,名创优品跃龙门，然后呢？
440,抖音也要赴港上市：互联网新贵已估值7800亿 短视频赛道风云再起
441,vivo秦飞：6G不等于5G+AI 手机未来不会被取代
442,蚂蚁打新倒计时！公私募基金都嗨了
443,反垄断阴影下的苹果谷歌恩仇录：“相爱相杀”，还是“各奔东西”
444,大选前夜五大科技巨头财报扎堆：亚马逊继续强势 苹果同比滑坡
445,三星会长李健熙去世：财阀经济背后的荣光与争议
446,短视频&直播：开启教育营销新时代
447,38岁，元气森林创始人：坐拥一家隐秘VC
448,小鹰找房疑卷款上亿资金 与赴美上市公司三彩家关系成谜
449,李健熙一生回顾：从默默无闻的末子到三星的领头羊
450,那些「网红」抗衰成分，医生教你哪些真的有效
451,百度和YY传绯闻 一个迷上直播一个向往全球化
452,科学解读，到底啥才是真正的「塑料蓝」
453,频繁倒闭、解散、停业，疫情下无人抄底线下教育
454,谷歌苹果孽缘：库克劈柴哥密谈 乔布斯扬言摧毁安卓
455,63亿播放网红热曲官司背后：音乐版权争夺新战事
456,拼抢苹果手机代工业务 富士康、立讯精密“正面刚” ?
457,已故三星会长李健熙入殓仪式举行 韩国政界人士纷纷吊唁
458,我在豆瓣做水军那些年：揭秘“刷分”背后“灰产”
459,国际清算银行:年底前拟与瑞士央行发行概念验证阶段央行数字货币
460,蚂蚁IPO登陆在即，这笔3万亿的账怎么算？
461,2020北京工业App和信息消费创新大赛开始！优秀的你快来报名
462,老股东亲述：易果生鲜如何从宠儿走到破产重整？能否逆势翻盘？
463,做知识直播的百度，要收购娱乐起家的YY了？
464,5G消息商用加速，三大运营商“合谋”抢占下一个万亿级增长点
465,《芝加哥七君子》是美国主旋律电影该有的样子么？| 海外周选
466,AirPods过河 苹果拆桥：Beats最终成了弃子？
467,外媒称富士康成立工作组以应对立讯精密竞争 富士康否认
468,辛巴离薇娅还差100个李佳琦
469,王力接任唐岩 互联网接班人正走上舞台
470,好运又回到了共享出行
471,超红荣誉派对 1000+红人与亿万粉丝的独特线上颁奖盛典
472,“校园贷”诈骗2020年上半年再现高发 中消协警示
473,高榕募资超100亿元，LP们捧张震真是捧对人了
474,工信部：积极考虑将5G等重点领域纳入“十四五”专项规划
475,快来了解一下“冥王号”登陆小行星取样吧
476,变味的百亿补贴：业界称沦为口号 有企业成立至今还没卖出百亿
477,有线电视已经没落，流媒体将取而代之
478,这些“奇葩”职业年入几十万，打工人快来了解下
479,如何公平分配20亿剂新冠疫苗？
480,一起教育科技预计年内完成在美上市 在线教育公司将迎上市潮
481,为什么有些语言难学？科学家发现关键基因
482,优胜教育“爆雷”背后：校区资质有缺乏 部分教师简历涉嫌造假
483,太空中厕所爆炸是一种怎样的体验？
484,变味的在线教育：每月花5亿元打广告，产品被指不重视少儿启蒙
485,最近的“打工人”是什么梗？
486,数字时代，社会等一等，老人赶一赶？
487,多一点数字留白，别让银发族“无码可依”
488,亚马逊工人谋求变革 ，组建工会屡遭压制
489,新研究：扔掉的垃圾会回到你的肚子里，并且影响营养吸收
490,苹果将在A15芯片中使用台积电的5纳米技术
491,新疆新增137例无症状感染者源头成迷，专家称或已出现三代病例
492,双11“边缘人”：流量变身付费流量 头部玩家全面垄断
493,高通在5G基站市场的野心
494,中消协消费警示:“擦亮”双眼 警惕各类不良“校园贷”陷阱
495,去掉耳机和充电器 以后数据线苹果也不会送了
496,一纸召回书 一段兴衰史：谁还记得韩国现代？
497,王健林梦碎好莱坞？AMC院线要撑不住了
498,三星集团会长去世文在寅表哀悼 接班人面临多重挑战
499,三星掌舵人“驾崩” 帝国走向何方？ | 观潮
500,微信视频号，难产大V
501,英雄体育VSPN完成1亿美元B轮融资，腾讯、快手加码电竞产业
502,我们终于知道恐龙的菊花长什么样了！
503,孤独与孤立如何改变您的思维方式
504,源码资本宣布王巍正式加盟任合伙人 曾任360集团副总裁
505,掌舵阅文半年股价翻倍，程武谋新局:“互联网影视航母”已见雏形
506,相同大脑区域促使人们产生好奇心和饥饿感
507,市场决定数字人民币未来，各国央行数字货币要有互通性
508,TCL的资本闪转腾挪：企业没有重生，李东生的财富重生了
509,志高空调被申请破产 悲剧的警钟为谁而鸣？
510,瑞典突然下黑手，背后很不简单！
511,搭载12.5万转电机 米家无线吸尘器K10评测体验
512,当我们讨论反垄断时，我们在讨论什么？
513,银发网红出圈，幕后谁做“军师”？
514,SMG携BesTV+流媒体战略 “筑力”进博会 探路新传媒与新流通
515,央行穆长春详解数字人民币：和微信、支付宝什么关系？
516,大股东旗下“妈妈购”涉嫌诈骗 贝因美连亏四年欲定增“补血”
517,神龙汽车发布自救计划， 未来5年投放14款车
518,近八成受访大学生愿意支持国货
519,特斯拉或将迎来首个盈利财年 中国供应链将深入全球供给
520,央行：增强人民币汇率弹性 加快金融数字化转型
521,滴滴智慧信控系统尝试用大数据解决城市堵车难题
522,“承包”了iPhone12热卖的周边，华强北让苹果也服气
523,韩国三星会长李健熙去世，曾在员工面前点燃15万台不合格手机
524,智能时代，老年人不该被忽视
525,线上线下从竞争走向竞合百联联手阿里共同掘金“双十一”
526,神龙汽车下猛药自救
527,妆比药赚钱 片仔癀化妆品欲单飞上市
528,王力接棒CEO 陌陌高调求变
529,营收八成靠卖房 中国文旅二度冲上市
530,便利店准备好“下沉”了吗
531,本来生活扩仓 生鲜电商格局生变
532,5G害了iPhone 12？
533,家电行业年年唱衰 但它却悄悄做到了4000亿市场
534,电视都已经完全智能化 为啥还有人买盒子？
535,蚂蚁申购在即 资金面短期承压
536,谨防P2P式风险金融科技创新应制度先行
537,特斯拉硬件降价软件涨价 打的什么如意算盘？
538,谁都可以抱怨监管，唯独蚂蚁不应该
539,火过2020之后有点变味了，是谁带坏了在线教育？
540,央行穆长春：已现假冒数字人民币 和微信支付宝不存在竞争关系
541,三星帝国的继承者们
542,李在镕，你怎么总被起诉？
543,外媒:取消充电器的 iPhone 12 并没有苹果想的那样环保
544,李健熙传奇：要想活下去，必须拿出勇气，不惜一切做到第一
545,“新老年”距离“潮生活”还有多远？
546,三星掌门人李健熙的一生：“二次创业”带领三星走向帝国
547,我国工业互联网产业规模高达3万亿，已建成全球最大通信网络
548,三星教父逝世！李健熙缔造的商业传奇和争议人生
549,终年78岁，李健熙如何缔造三星“帝国”？
550,李健熙去世 三星将走向何方？
551,老年人真的会和时代脱节吗？
552,与乔布斯相提并论，他把韩国山寨家电厂打造为全球电子巨头
553,李健熙逝世 铁腕执掌27载，助推三星成IT龙头
554,围剿极兔，“9.9元包邮”还会有吗？
555,被称为“经济总统”的李健熙逝世 三星帝国何去何从？
556,三星会长李健熙去世:一己之力重塑韩企价值观，财阀功罪任评说
557,两年烧光近百亿！中视频平台Quibi为何“猝死”？
558,三星帝国，旧王驾崩
559,又一个被新冠病毒“勾结”的蛋白
560,华为麒麟9000芯片为何要一分为二？
561,代码老矣，尚能跑否？
562,"反直觉!新方法或让AI模型拥有""联想""力,甚至能识别从未见过的事物"
563,够硬！这虫子汽车都压不死
564,乳腺癌发病率上升，哪些因素起了推动作用？
565,"细数三星家族豪门恩怨: 一代奠基业, 二代争权势"
566,14岁中学生找到有望治疗新冠的药物，获得北美科研竞赛大奖
567,内卷化，更像是成熟社会的“富贵病”
568,科学家发现新石器晚期青藏高原东北部存在热带大型哺乳动物
569,亿咖通科技获百度领投13亿元A轮融资 推动自动驾驶汽车芯片等研发
570,韩媒：韩国三星会长李健熙去世，享年78岁
571,被困在系统里的，还有点外卖的人|诉说
572,北京市老龄办、老龄协会发出倡议：帮助老年朋友迈过“数字鸿沟”
573,莫让“云养牛”骗局毁了“云养殖”经济未来
574,网络招聘有“陷阱”，当心！
575,"触达用户超8亿,短视频如何“吸睛”又“吸金”"
576,爱腾芒三场发布会扎堆举行，长视频进入“新战场”
577,陌陌换帅：账上150亿现金救不了低迷股价，唐岩寻找新出路
578,程序员：2020-1024=996？
579,正式“退休”的Flash，未来我们会怀念它吗？
580,外行人马云：中国金融业的问题是用管火车站的办法管机场
581,17.5亿美元只烧了6个月，最受瞩目的短视频应用“爆毙而终”
582,到欧洲去！中国手机的下一个必争之地？
583,段永平部下做了一家快递公司，遭到围剿
584,人人都刷起短视频，音频行业“失声”了？
585,蚂蚁太贵 没有给二级市场喝汤机会？
586,蚂蚁太贵，没有给二级市场喝汤机会？
587,王力接任陌陌CEO一职 唐岩为何作出这个选择？
588,陌陌变阵，唐岩不再生猛！
589,硅谷科技公司CEO写信千万用户 呼吁投票支持拜登
590,蚂蚁估值急升至4万亿冻资誓创纪录 银行结余飙升至4000亿
591,《未成年人保护法》强化监护人对未成年人上网的引导和监督
592,马云外滩金融峰会演讲全文：中国金融业还是青少年
593,别扯阿里和拼多多 极兔是因蹭网被二通一达群殴了
594,马云在外滩金融峰会呼吁面向未来的监管：我们这代人必须有所担当
595,任汇川加盟后 腾讯金融正在申请一张再保险牌照
596,华为Mate 40卖爆了：京东预售28秒售罄 黄牛加价1000元
597,倒闭、跑路、身陷丑闻，《非你莫属》BOSS团有毒
598,广东省：前三季度超额完成5G基站全年建设任务
599,陌陌：总裁兼COO王力接替创始人唐岩担任公司新任CEO
600,高价苹果手机未阻挡中国消费者 中国成全球最大高端智能手机市场
601,富士康抢食汽车蛋糕
602,回归港股，百度想走出价值洼地
603,神坛上的高瓴资本
604,华为Mate40秒光：机构预测销量千万量级 又要加价买？
605,iPhone 12“魔幻”反转：前脚刚被骂，后脚就售罄
606,小霸王“复活”失败，国产游戏主机为什么打不过任天堂？
607,美国分化 ：社交媒体“一边倒” 网络虚假与仇恨激化社会矛盾
608,蚂蚁A股发行“平衡术”:80%战略配售比创纪录 供投资者打新200亿
609,高瓴和格力产生化学反应的三大关键点
610,十年来最严重危机 全球芯片巨头英特尔暴跌1775亿
611,无化学疗法治疗白血病，18个月总体生存率可达95%
612,我的血脂好不好，到底哪个指标说了算？
613,让肿瘤像伤口一样愈合！
614,因为气候变暖，大量沉睡的病毒或将重见天日
615,瑞德西韦获批：首款新冠药物，但并非“神药”
616,富士康的两难境地：美国工厂难产 中国市场竞争压力剧增
617,沪共享特斯拉模式调查：每分钟租金2元 运营公司资质全无
618,被迫二选一，双11为何成品牌受难日？有人冒险透露内幕……
619,Google：2020智慧数码城市报告-全城AI
620,提前开售并延长售卖期 今年“双11”购物节又有新玩法
621,投诉暴涨 该给直播带货立规矩了
622,消费者抢着下单国产手机Mate40后，其他中企能否接棒？
623,从分众传媒走势看逆向投资的魅力
624,比特币13天涨超20%创两年多新高 现在该入手了？
625,产业互联网发展的中国道路
626,深夜爆雷！全球芯片巨头英特尔出大事：刚刚暴跌1500亿
627,新东方冲刺港交所：抢先好未来 成最早回归港股教育企业
628,自动驾驶成噱头：卖车的不信买车的信了
629,人人车只值一万港元？
630,猿辅导8年融资近250亿：屡遭投诉被指虚假宣传 面临盈利难题
631,麒麟芯片“危机”之下 中国芯片之路如何走？
632,拜腾汽车按下重启键 掉队的造车新势力还有希望吗？
633,蚂蚁3.6万亿：出道即巅峰吗？
634,极兔遭“通达系”联手封杀：什么仇什么怨？是何来头？
635,艾诚对话王忠民：蚂蚁上市全国社保赚多少？
636,好未来Q2营业亏损4991.6万美元 股价应声下挫11.45%
637,全国开通69万5G基站 三大运营商业绩改善
638,华米OV，各渡各的劫
639,百世快递成都龙腾分部倒闭？工作人员：过段时间会重新开网
640,2020中国地理信息产业大会在南宁召开
641,为什么说吃红肉致癌？这回科学家给出了分子证据
642,奶瓶释放大量微塑料，是否对婴儿有害？研究团队这样解释
643,高价苹果手机未阻挡中国消费者 有望抢占华为高端市场份额
644,iPhone12首发日 上海顾客如何评价到手的“环保蓝”
645,双11，愁！
646,工信部：已累计开通5G基站69万个，连接用户数超过1.6亿
647,工信部：4G用户超过12亿 千兆光纤覆盖家庭超过8000万户
648,"特斯拉解雇柏林工厂负责人 并称""不会延误工厂计划好的申请流程"""
649,CNCC中国计算机大会科学与影视融合发展论坛在京举行
650,解读个人信息保护法草案：哪些企业与商业行为将迎变局？
651,烂尾芯片厂，“师从”房产商
652,老人不会用智能手机，就活该被淘汰吗？
653,教育股集体下跌，在线教育行业如何“渡劫”？
654,联想智能化服务战略RISE进展如何?联想创新科技大会或揭答案
655,清仓阿里，郭台铭拿回70亿撤了
656,价格低，扰乱市场，极兔速递遭业内集体封杀
657,小狗T12 Pro无线吸尘器评测：能吸能拖 轻巧实用
658,Quibi半年亡命记：沉迷于产品愿景，忽略用户真正需求
659,当“P图”泛滥之后，Adobe如何对待它带来的创新和技术阴暗面？
660,如果ARM停止授权，中国怎么办？
661,投资6亿建造的全球第一望远镜“中国天眼”，究竟发现过什么？
662,“巨鳄”台积电
663,1000äº¿ç¾�å…ƒçš„å�Šå¯¼ä½“æ”¶è´­å¤§æˆ˜ï¼šå›½é™…å·¨å¤´æ”»å®ˆèƒŒå��çš„å¥¥ç§˜
664,遭遇强劲对手 滴滴急于突围
665,中国第一个“芯片”大学 为啥诞生在南京？
666,iPhone 12发货第一天 “果粉”再次排长队，黄牛Pro版加价千元
667,短视频平台“金融鸡汤”漏洞百出 谁在收割智商税？
668,美国三轮打压下华为首个业绩出炉：三季度收入同比增长9.9%
669,李佳琦vs薇娅，谁才是双十一最强打工人
670,二次上市治不了百度的病，但也许能救百度的命
671,科大讯飞刘庆峰：未来人工智能发展有场景驱动等四大机遇
672,“快递罢工”传闻频现，今年双十一还能愉快地剁手吗？
673,派费一降再降、罚款重，快递小哥掀起罢工潮
674,陆金所赴美上市价格区间确定，IPO外部环境复杂致定价不高
675,Twitter和白宫否认特朗普账户被盗
676,全球变暖背景下，为什么“极寒”天气也变多了？
677,不一样的钙钛矿
678,中国常态化防疫启示录：大规模核酸检测，流调追踪，“动态清零”
679,华为背水一战：HMS再升级 麒麟已成绝唱
680,"因疫情停发,也曾29次授予传染病领域:拉斯克奖告诉你如何应对新冠"
681,免疫疗法新工具：只用1天就能找到针对肿瘤的免疫细胞！
682,为什么人工智能各种完爆人类，但依旧听不懂你在说什么？
683,要么不来，要么“乱来”｜专家解读今年台风
684,向“我懂你”迈进：机器人实现“换位思考”
685,"福岛核废水入海引争议,专家:我国主要海域污染风险可能相对较低"
686,国产疫苗提前开打？两针 400 元，医保不报销
687,为什么量子技术如此重要，引中美竞争锋？
688,养宠物的人更易抑郁焦虑，猫奴表现最明显？
689,NASA明年将进行“自杀任务”，证明我们能阻止下一次小行星撞地球
690,日本政府宣称“安全”的福岛核废水，真的安全吗？
691,宇宙中最极端的恒星
692,我们的遗传基因多大程度地限制了自主意识？
693,"特斯拉频繁""割韭菜""背后的底层逻辑是什么？"
694,一枚现代核弹会杀死多少人？
695,鼻祖也倒下了，生鲜电商是“蓝海”还是“血海”？
696,小米的T字生态：它的下一个十年应该看什么？
697,Q3私募报告：募资市场有所回暖，新经济赛道加速分化
698,向大家报告一个沉痛的消息：又一巨星陨落！
699,自然资源部：对新增乱占耕地建房“零容忍” 通报35个典型
700,20万已是特斯拉价格底线？
701,华为Mate40和苹果iPhone 12，谁更能打？
702,Mate40，华为的未酬壮志
703,疯狂的芯片：机构哄抢，估值暴涨，谁能赌到中国未来的芯片巨头？
704,唯品会，模仿京东，却无法成为京东
705,美法院下令Uber、Lyft遵守劳动法，Uber商业模式或将颠覆
706,Facebook独立监督委员会开始运作，申诉通道将逐步开放
707,Mate40 ，这是华为手机最强的样子了么？
708,网红小家电：形势大好 危机四伏
709,余承东打出最后一颗子弹
710,封杀极兔，“通达系”打响“双十一”第一枪
711,麒麟或成绝唱，华为永不服输
712,手机厂商扎堆电视市场 IoT真能救命？
713,共享电单车“彩虹大战”再上演 如何避免重蹈覆辙？
714,iPhone 12今日上市，我们上手后发现这三个卖点
715,陆金所拟募资逾20亿美元！三年复合增长率近50%
716,“云养牛”App骗局：多家公司信息疑被冒用，以不存在的牛骗钱
717,美监管机构表示密切关注特斯拉“自动驾驶”软件
718,华为的救赎，从史上最强大的Mate手机开始
719,冰洗空上半年销量大降 家电售后服务频遭诟病
720,速度与激情，生死时速中的扫地机器人
721,蚂蚁估值3.6万亿提前11月5日挂牌 增10名联席账簿管理人
722,双11买空调如何避坑？了解这几点免交智商税
723,和iPhone 12正面硬刚？华为Mate 40系列官宣
724,搭上中国快车，特斯拉交出史上最佳财报，马斯克一夜财富增39亿
725,难以突破的中高端电视 OPPO“志”在何处
726,LG电子召回计划会影响OLED电视市场普及进程么？
727,蚂蚁集团科创板IPO注册生效 2万亿巨无霸上市倒计时
728,5G不是4G+1G而是“蓝海” 工信部:网络成本会越来越低
729,钱烧光了路还没找到 二手车行业进退两难
730,中国手机企业在乡镇，熟人市场成功的秘密
731,谁能填补华为留下的手机市场空间？
732,全球数字经济超30万亿美元 德、英三产数字化渗透率最高
733,在算法和熟人关系之间：更立体的快递员生存状况
734,网络维权：徘徊在“公私”之间
735,人脸识别进小区 业主有“不赏脸”的权利
736,虚假信息、预付押金……网络招聘当心有“陷阱”
737,英特尔第三季度营收183亿美元 净利同比下降29%
738,在线教育大笔融资背后 盈利仍存大考
739,安全专家曝特朗普推特密码
740,两部委接连回应芯片“烂尾”：明星股闪跌 地方需量力而为
741,前置“双11” 能后置焦虑吗
742,低价囤票优惠纳新 文娱大佬抢镜“双11”
743,快手IPO渐近 从佛系变高调
744,马斯克“舍命”卖车 特斯拉持续盈利
745,头部玩家屡获融资 在线教育下半场拼盈利
746,移动电信入局 运营商竞速eSIM赛道
747,PayPal入局 加密货币风云再起
748,极兔速递烧钱狂奔：通达系围堵 拼多多、OPPO输血
749,申通困局：阿里能否拯救昔日“快递一哥”？
750,加州大学伯克利分校教授：要给AI设关闭按钮 否则很危险
751,手机厂商齐聚IoT阵营 开启5G万物互融生态新战役
752,“劫持”竞争对手搜索关键词：在线教育营销乱象屡禁不止
753,嘀嗒出行率先冲刺上市  网约出租车“行业老二”如何突围？
754,超2万亿“巨无霸”蚂蚁集团蓄势待发 解码估值攀升的“潜台词”
755,1000亿美元的半导体收购大战：国际巨头攻守背后的奥秘
756,城商行数字化转型样本观察：重庆银行五年数字化逆袭之路
757,PayPal将推出加密货币支付服务
758,双11预售第一天探班李佳琦直播间，单日成交约34亿
759,优胜教育创始人哽咽直播 退费无果家长吐槽其在演戏
760,华为Mate 40系列发布：硬件之外 还有全新升级的HMS和EMUI 11
761,Mate 40，华为的最后一颗子弹？
762,创始人退出、被传收购 谁是压倒人人车的最后一根稻草？
763,网约车每日2100多万单 交通运输部：继续支持交通运输新业态发展
764,搭载麒麟芯片、HMS生态加持 华为海外“奋力一搏”
765,“短视频第一股”来了？快手被传上市
766,麒麟绝唱，华为Mate40负重启航
767,退订每日优鲜短信还要掏钱？法院：1毛钱短信退订费由平台负担
768,麒麟芯片绝唱？华为Mate40来了 余承东这样回应美国制裁
769,华为Mate40系列发布会：主角预期之中 配角意料之外(附上手视频)
770,网络交易监管办法征求意见，包括直播带货需有回看等
771,申通快递先回购 再遭第四大股东“甩卖”
772,2万亿！蚂蚁最新估值逼近茅台 A股终于迎来互联网巨头
773,矛盾特斯拉：漂亮的财务数据，尴尬的自动驾驶
774,腾讯再洗牌：对手持续布局 整合单兵作战的子业务迫在眉睫
775,三大运营商三季报集齐了！5G新增用户数超预期
776,龚宇：互联网电视将成精品专业内容消费最重要的终极终端
777,“钱多多”涉嫌非吸被立案侦查 已查封涉案房产350余套
778,McAfee 30年沉浮录：行业黄金时代一去不复返？
779,支付、印钞机与PaaS，兼论什么是世界上最好的商业模式
780,蚂蚁集团的本质是科技零售银行 这个方向有未来吗？
781,网点倒闭人员流失包裹滞留，百世快递的“赔本生意”何以为继？
782,变味双十一：游戏规则堪比奥数竞赛 3亿剁手党直呼“看不懂”
783,富士康也要“造车”了 还宣称要夺取全球10%份额
784,一文读懂：蚂蚁集团值1.3万亿还是2.7万亿？（打新必读）
785,2020无线吸尘器和扫地机器人行业科普测评及白皮书发布
786,马斯克：特斯拉同其他车企的相似度可能只有10%
787,青少年网民，如何避免成为“喷子”“键盘侠”？
788,郭台铭也缺钱？突然套现80亿
789,观视频：微博让我成为“网红”
790,好未来2021财年第二季度净收入11.033亿美元 同比增长20.8%
791,专访创世伙伴资本周炜：中国值得长期投资 需要更多有耐心的资本
792,又一家生鲜电商倒下：60亿打水漂
793,工信部首回应5G投资争议:适度超前建设是公共基础设施的普遍特点
794,理想ONE再曝辅助驾驶高速追尾前车！车内无提示 气囊未爆
795,蚂蚁市值能否超越贵州茅台？A股港股市值如何分配？
796,《王者荣耀》日均DAU过亿，游戏业务持续推动腾讯业绩上涨
797,ThinkPad X1 Fold国行版发布：19199元起售 5G版首销
798,《庆余年》重启，能解腾讯三驾马车粮荒？
799,韵达、申通、圆通联手封杀极兔速递 后者与拼多多关系匪浅
800,美团获导航电子地图甲级资质 无人配送基础再夯实？
801,杨迪：喜剧明星的另一面 一个视频博主的自我修养
802,蚂蚁正式启动招股，首次揭秘影响其命运的4场会议
803,美得“要命”的医美：麻醉事故频发，黑机构每年致残致死约十万
804,乐视格力已折戟，富士康恒大在烧钱，跨界造车有多难？
805,做局者沈南鹏
806,特斯拉连续五个季度盈利 上海Model 3年产能增至25万辆
807,7亿人拿出手机扫一扫，“国民应用”支付宝养成记
808,连续五季度盈利，产能将升至百万辆，特斯拉急“上岸”
809,工信部：5G网络成本会越来越低
810,张一鸣的投资帝国：与自身业务整合 寻找新增长引擎
811,三季度净利润暴增131% 特斯拉将迎来首个盈利财年？
812,知名教育机构暴雷 创始人直播流泪道歉！家长：最佳奥斯卡
813,“窃听风云”成历史 量子科技产业化“棋局”如何走？
814,人人车否认卖身58同城 但日子不好过是真的
815,工信部回应5G超前建设:保持适度超前符合行业发展的特点
816,出道即巅峰 烧掉10亿的Quibi挂了
817,被罚50亿美元的脸书在美国大选最后的冲刺中左右不是
818,出道即巅峰的Quibi即将关闭，它到底经历了什么？
819,特斯拉三个月“变脸”，蔚来一年“断电” ！车主：感觉很受伤
820,腾讯与滴滴投资的人人车被指8000元甩卖 国内二手车行业前途未卜
821,全球科学家流动趋势呈现中美欧大循环和北上深内循环
822,降价有用？特斯拉三季度卖14万辆车，年销50万辆的希望在中国
823,3B大战“中视频” 西瓜：我先拿出20亿
824,工信部：我国新能源汽车成交量连续5年全球第一 占全球一半以上
825,黑道砸门、半夜被墙皮砸醒、遭遇公寓爆雷，我的租房风云
826,市值一夜蒸发500亿，“跟谁学”到底在跟谁学？
827,美国威斯康星州报告：富士康在建的LCD工厂可能只是用来演示
828,特斯拉Q3净利润暴增131%，已连续五个财季实现盈利
829,食堂的“一两”包子和“二两”饭，你吃饱了吗？
830,从小众文化到破亿的大生意，汉服经济正“破圈”增长
831,被嘲“割韭菜”又怎样，特斯拉Q3业绩又创纪录了
832,蝴蝶扇了一下翅膀，混沌就诞生了
833,又跳闸了！是谁在保护家里的电路？
834,张磊首次透露高瓴私有化百丽背后：超120名数字化投后团队进入
835,一文读懂美国政府起诉谷歌案: “愤青式反垄断”的过往和未来
836,"最新!新冠疫苗未收到严重不良反应报告,首次找到病毒物传人证据!"
837,梁涛：9月末实际运营的P2P机构压降至6家 互联网金融风险根本好转
838,今日两篇《科学》揭示：新冠病毒感染性强，原来另有关键因素
839,手劲大的人更健康？可以反映多种健康状况
840,如果在海里潜水时恰好发生地震，会看到何种景象？
841,传染病也有贫富差距吗？
842,想不到吧，科学家用这种方式照亮鸟巢
843,墨鱼骨骼为什么如此坚硬？
844,马斯克惹恼天文学家，星链计划恐令射电天文观测受阻
845,这种意想不到的病毒，为癌症患者带来希望
846,先取消公关部、后车型降价 KPI“逼疯”特斯拉
847,健身直播课上线两月数据仍不稳定，Keep还需要多久来验证它？
848,就瑞典5G建设涉中方企业有关问题，中国大使回应瑞媒提问
849,美联航乘客试用新冠检测结果分享应用程序
850,新款iPad Air测评：硬件大幅升级，适合大多数人
851,宠物大战双11：“爱的投资”之下，它成本地生活新战场
852,特斯拉全球年产能有望达100万辆
853,Facebook约会功能Dating欧洲上线:主打免费功能 有待市场认可
854,中国IP，丰年已至
855,我们生活在模拟世界中吗？专家称概率是50%！
856,格力百亿回购背后的焦虑：渠道改革或持续阵痛
857,进军电商屡战屡败，百度这次开窍了？
858,游戏界“茅台”吉比特的困境与未来：营收结构畸形还在继续
859,造成口吃的神秘原因是什么？
860,围剿那家合资公司与CEO：安谋中国会成为弃子吗？
861,为什么星系的形状不同?
862,《网络交易监督管理办法》拟禁止二选一 为何却允许独家交易？
863,延续颓势 志高上半年再亏7.22亿元
864,宏碁发布PC全家桶：英特尔独显首发 联合保时捷打造新品
865,对话刘二海、周炜等多名投资人：资本与创新的下一个机会
866,5G用户数过亿 运营商想赚钱还“任重道远”|观潮
867,美国行业专家：谷歌不会被分拆 反垄断没有触及核心问题
868,商人马斯克，情怀特斯拉
869,特斯拉高管解读三季度财报 马斯克:每条生产线都是独立初创公司
870,探访二三线城市脱口秀俱乐部：从2.99元门票起步的梦想
871,隆鼻手术致女子变植物人 致命医美背后麻醉事故不只是意外
872,特斯拉频繁降价惹争议 不断透支品牌声誉又为哪般？
873,马云拿到A股“准生证”！蚂蚁集团代码688688，估值2万亿元
874,互联网平台掘金手机回收“富矿”：巨头入局 赛道拥挤
875,人民日报海外版：逼退“淘宝台湾”民进党打压陆资不择手段
876,前三季预亏超3亿出境游仍悬疑 众信旅游虽有阿里加持仍跌跌不休
877,特斯拉汽车第三季度营收87.71亿美元 净利同比大增131%
878,高通扩展5G芯片业务边界：推5G网络基础设施系列芯片平台
879,小米华为OPPO纷纷杀入，但手机企业仍难革彩电业的命
880,揭秘跨境网赌黑色链条：赌客十赌十输 平台稳赚不赔
881,人民日报：打断跨境网络赌博的黑色链条
882,蚂蚁集团科创板IPO获批 A股首迎万亿市值科技公司
883,“外卖运营师”面世 新角色能否解决老问题
884,二次上市风口继续 百度赴港在路上？
885,美司法部正式出手 谷歌会成下一个微软吗
886,新增订阅大幅放缓 奈飞“飞不动了”
887,用“二次号”被欠贷：运营商别让用户为衍生问题买单
888,对话薛其坤院士：量子技术发展需攻关核心元器件技术
889,“芯片龙头”紫光国微奔跌停 近80亿市值蒸发“预期差”惹祸？
890,美团七年扶贫样本：马背上的少年成今日骑手
891,蚂蚁上市 A股迎来“三十而立”的重要时刻
892,A股首个万亿互联网巨头来了！蚂蚁集团最新估值2.1万亿元
893,蔚来市值突破300亿美元 特斯拉市值跌掉一个福特
894,揭秘长租公寓另一个真相：有人入场就是为了“跑路”
895,SK海力士出手英特尔 90亿美元购买NAND闪存及存储业务
896,特斯拉终止信心保障计划 是不愁销量还是力不从心？
897,对话英诺天使基金李竹：投资行业恢复很快 未来更需要耐心
898,对话软银中国资本华平：未来20年一定会有技术创新的黄金时代
899,证监会同意 蚂蚁来A股上“树”了！
900,井贤栋招股书公开信：蚂蚁是谁？从哪儿来？到哪儿去？
901,蚂蚁集团上市，第一家互联网巨头对A股意味着什么？
902,嘀嗒再升级出租车数字化解决方案 上线车机端智慧出行系统
903,揭秘假“明星号”背后产业链：三百元可买账号和个人信息资料
904,NASA无人驾驶飞船搭载造价1.5亿马桶
905,易果破产：生鲜电商无赢家
906,特斯拉“降价”这把刀
907,刚刚，A股迎来首家万亿互联网公司
908,网约车CTO调任橙心优选，滴滴为何跨界加入社区电商大战？
909,â€œå�Œ11â€�å¤§æˆ˜åœ¨å�³ ç”µå•†å¹³å�°å¼ºåˆ¶å•†å®¶â€œäºŒé€‰ä¸€â€�è¦�å°�å¿ƒäº†
910,小屏旗舰居然没人爱？iPhone 12 mini最不受欢迎
911,你还在等iPhone开售？华强北魔改的iPhone 12一个月前就出街了
912,双11首日3亿人蹲守李佳琦薇娅直播间，网红经济又要火了？
913,百度元老被刑拘背后：权力的深渊
914,琼版iPhone12售价全球最低 海南岛“拯救”代购行业？
915,沉迷短视频的爸妈们
916,大选临近，美政府对谷歌发起20年最大反垄断诉讼，背后在博弈什么
917,7年市值近500亿，名创优品有多野？
918,中视频版图的春秋战国
919,中视频玩家大冒险
920,银行要抢微信、支付宝的“红包”？ 深圳派发1000万数字人民币
921,张一鸣摘坚果近两年，培育着怎样的扩张野心
922,手机SIM卡虽小，安全问题重大，强烈建议“上锁”
923,从病房到互联网，网红医生余昌平一直战斗在一线
924,最快的刀、最准的尺、最亮的光···这束神奇的光已问世六十年
925,头顶安全、监管“双剑” 嘀嗒冲击“共享出行第一股”
926,沉默的网约车司机 在系统、监管中纠结的共享出行
927,百度重回电商赛道，葫芦里卖的是什么药？
928,学而思网校因存在低俗视频被网信办约谈 回应称是4个月以前的事件
929,OPPO刘波：不做IoT搅局者 第一是结果而非目标
930,"收购中电熊猫,京东方稳居龙头地位,中国显示走向良性发展"
931,付费用户增长放缓？ Netflix：季度波动意义不大
932,工信部：支持适老化智能终端设备研发
933,业绩不及预期，迪士尼、苹果夹击之下，奈飞跌落神坛？
934,法学教授的一次维权：人脸识别的风险超出你所想
935,“双11”这就开始了？零点付定金，被规则逼疯的网友：熬鹰呢？
936,我是清华新任教授张亚勤，现在只想做成这一件事
937,微软发布“云上太空”：SpaceX星链加持，让云服务遍布全球
938,并非里程碑！Facebook100种语言互译模型夸大宣传遭质疑
939,手机战火烧至物联网，小米华为迎来老对手OPPO
940,猿辅导22亿美金新一轮融资已交割 DST等一线基金加注年度最大一单
941,工信部提醒：手机要及时设置SIM卡密码！设置攻略来了
942,全球数字货币竞争加速 美国释出接纳态度、中国完成首个试点
943,5G把iPhone放上了十字架
944,“真顺风车”旗帜能让去IPO的嘀嗒引重致远吗？
945,美司法部对谷歌正式提起反垄断诉讼 谷歌反指诉讼有严重缺陷
946,特斯拉VS蔚来、理想、小鹏：“渣男”与“备胎”的战役
947,特斯拉频繁降价：中国新势力造车如何应对？
948,2020物流年投资规模或不足百亿 科技受青睐但切忌喧宾夺主
949,中国广电总经理吕建杰：聚焦三大方向 坚定差异化之路
950,联想创新科技大会抢先剧透 解锁“新常态”的正确打开方式
951,光棍节变双节棍！今年“双11”你的钱包能挺住吗？
952,P2P无人生还，历劫后互金披上新外衣
953,网购“捡漏群”是真还是假？谨防“薅不到羊毛”反被占便宜
954,“网上虐猫”：要虐杀到重惩的那一天？
955,北京环球度假区发布非凡娱乐体验 人气主题公园目的地抢先预览
956,2020年，VC/PE开始“炒股票”
957,OPPO发布战略级产品智能电视，刘波：我们不是搅局者
958,20亿补贴、中视频概念，西瓜视频将如何破局？
959,看看地球的变形吧，就像你是一个穿越时空的宇航员一样
960,科学好故事｜丢失了基因，生命反而进化得更加复杂
961,免疫系统会影响你对配偶的选择吗？
962,新的器官？荷兰研究者在鼻咽后部发现此前未知的唾液腺
963,朋友圈骂闺蜜被判赔1000元，法官：朋友圈不是私人空间
964,福岛逾100万吨核废水将进入太平洋？专家：这样做符合国际惯例
965,移动互联网IPO大逃亡
966,30年实现碳中和？专家：推动能源结构向深度“脱碳”转型
967,用“二次号”莫名被欠贷：别让用户为衍生问题买单
968,将贵金属“吃干榨尽”！ 香山科学会议：尽早布局单原子催化
969,原来它一直在“装嫩”｜“心电图”揭秘富锂巨星真实年龄
970,边飞边学！我国正在研制会学习的运载火箭
971,蔚来计划自研芯片，李斌正积极推动
972,晨兴资本正式更名为“五源资本”：刘芹率队重新出发
973,坚果想念罗永浩
974,双11提前开抢，淘宝主播们又满血复活
975,特斯拉入华后价格调整近60次，Model 3价格腰斩
976,贵州 一根网线的“扶贫之路”
977,腾讯新丽阅文联合发布全新片单 多方合作开发已成IP市场新模式？
978,29岁喜茶创始人首登胡润百富，专科毕业卖手机，靠喜茶攒45亿身家
979,揭秘长租公寓另一个真相：有人入场就是为了跑路
980,iPhone 12蓝色“翻车”了？因为颜色太丑，网友吵着要退货…
981,双11来了，电商平台都说自己玩法简单，为啥你感受不到？
982,美司法部谷歌反垄断案透视:聚焦产品分发控制 全面借鉴微软先例
983,附近居民私装信号屏蔽器？燕京理工学院高价校园网后续来了
984,科技公司，请逃离一线城市
985,微软推送Win10 2020年10月更新：开始菜单更精致
986,“中国最大十元店”名创优品的地板与天花板
987,蛋壳公寓们“爆雷阵阵”，长租公寓真是一门坏生意吗？
988,失去老罗的坚果手机，居然还活着？
989,“1元包邮”亏了十几万，商家图什么？|观潮
990,谷歌遭美司法部起诉 麻烦才刚刚开始？四大巨头或遭强制拆分
991,退货！退货！退货！蓝色iPhone12大“翻车”？因为太丑…
992,前三季度干衣机逆势增长45% 迷你洗等第二洗护产品成新亮点
993,Netflix高管解读三季财报:增长符合预期，现金流有望转正
994,游戏：会是消费型显示的超大杯吗
995,涨知识：量子是什么？为什么可以用来给通信加密？
996,配置不够惊艳、不送充电插头…iPhone12槽点不少却仍热销是为何？
997,小家电，大市场 后疫情时代小家电持续火热
998,帅丰电器上市首日市场反应平淡 大单换手背后折射企业内部问题
999,一年狂飚10万亿，亿万富豪更富了！马云马化腾“二马”当先
1000,网课老师成为堪比“网红”的职业 百万年薪这么好拿?
1001,长租公寓爆雷留下的一地鸡毛，谁来扫？
1002,马蜂窝西藏小团游变糟心自助行还不许差评 回应来了……
1003,每二十年起诉一个巨头：美国政府正式反垄断起诉谷歌
1004,净水器行业现“盐水门” 给消费者和行业都上了一课
1005,这条“鱼”从三大运营商的网里漏掉
1006,全球20亿人在玩 聊聊电子游戏的另一张脸
1007,人民日报海外版：智能转型加速 “指尖银行”离你我更近了
1008,Snap第三季度营收6.789亿美元 净亏损同比收窄12%
1009,Netflix第三季度营收64亿美元 净利同比增19%
1010,量子科技对中国有多重要？专家：事关国家安全和社会经济发展
1011,竞逐IoT生态赛道 OPPO杀入电视产业红海
1012,西瓜视频未来一年将烧20亿补贴追赶B站 发力中视频赛道
1013,吸取芯片项目烂尾教训 产业政策落地不宜轻率
1014,特斯拉本月开始向欧洲出口中国造Model 3电动车
1015,创始人徐明星被警方调查 OKEx约150亿元比特币无法提取
1016,新专利显示苹果Apple Car可能拥有自己的MagSafe式充电器对准系统
1017,市场供不应求 今年纯晶圆代工行业持续高景气
1018,跨境电商重构外向型企业盈利模式
1019,网课名师炼成记：镜头前要有“十八般武艺”
1020,90亿割爱NAND 英特尔将转型进行到底
1021,科大讯飞输入法的言外之意
1022,成立酒旅事业群 同程艺龙深挖国内游潜力
1023,阿里“双11”纳新 寻求增值空间
1024,SK海力士拟600亿接盘英特尔闪存 存储芯片格局生变
1025,电商新规征求意见：二选一、直播电商如何监管都包含在内
1026,俄数字货币合法化更进一步
1027,别什么东西都往冰箱放 当心冰箱里的细菌要你命
1028,从抗拒到主动 电话营销的老套路被网易玩出了新花样
1029,万亿巨头突遭全球围堵！谷歌遭美国司法部起诉 这只是开始？
1030,评：芯片越重要 越不能“大干快上炒概念”助长行业虚火
1031,燕京理工学院不让运营商进校园 评：别拿学生当“韭菜”
1032,请特斯拉不要再感谢关注了
1033,王兴高高在上，美团平庸至极
1034,中视频的饥饿游戏
1035,优胜教育爆雷：总部人去楼空 全国拥有上千家校区
1036,贾跃亭落选胡润百富榜 为梦想破产后还能再回巅峰吗？
1037,刘强东在微博消失的668天
